fare_type,applicable_time,distance,fare_per_ride
Adult card fare,Before 7.45am  (Weekdays excluding public holidays),Up to 3.2 km,49
Adult card fare,Before 7.45am  (Weekdays excluding public holidays),3.3 km - 4.2 km,59
Adult card fare,Before 7.45am  (Weekdays excluding public holidays),4.3 km - 5.2 km,69
Adult card fare,Before 7.45am  (Weekdays excluding public holidays),5.3 km - 6.2 km,79
Adult card fare,Before 7.45am  (Weekdays excluding public holidays),6.3 km - 7.2 km,88
Adult card fare,Before 7.45am  (Weekdays excluding public holidays),7.3 km - 8.2 km,95
Adult card fare,Before 7.45am  (Weekdays excluding public holidays),8.3 km - 9.2 km,102
Adult card fare,Before 7.45am  (Weekdays excluding public holidays),9.3 km - 10.2 km,106
Adult card fare,Before 7.45am  (Weekdays excluding public holidays),10.3 km - 11.2 km,110
Adult card fare,Before 7.45am  (Weekdays excluding public holidays),11.3 km - 12.2 km,114
Adult card fare,Before 7.45am  (Weekdays excluding public holidays),12.3 km - 13.2 km,118
Adult card fare,Before 7.45am  (Weekdays excluding public holidays),13.3 km - 14.2 km,122
Adult card fare,Before 7.45am  (Weekdays excluding public holidays),14.3 km - 15.2 km,127
Adult card fare,Before 7.45am  (Weekdays excluding public holidays),15.3 km - 16.2 km,131
Adult card fare,Before 7.45am  (Weekdays excluding public holidays),16.3 km - 17.2 km,135
Adult card fare,Before 7.45am  (Weekdays excluding public holidays),17.3 km - 18.2 km,139
Adult card fare,Before 7.45am  (Weekdays excluding public holidays),18.3 km - 19.2 km,143
Adult card fare,Before 7.45am  (Weekdays excluding public holidays),19.3 km - 20.2 km,146
Adult card fare,Before 7.45am  (Weekdays excluding public holidays),20.3 km - 21.2 km,149
Adult card fare,Before 7.45am  (Weekdays excluding public holidays),21.3 km - 22.2 km,152
Adult card fare,Before 7.45am  (Weekdays excluding public holidays),22.3 km - 23.2 km,155
Adult card fare,Before 7.45am  (Weekdays excluding public holidays),23.3 km - 24.2 km,157
Adult card fare,Before 7.45am  (Weekdays excluding public holidays),24.3 km - 25.2 km,159
Adult card fare,Before 7.45am  (Weekdays excluding public holidays),25.3 km - 26.2 km,161
Adult card fare,Before 7.45am  (Weekdays excluding public holidays),26.3 km - 27.2 km,162
Adult card fare,Before 7.45am  (Weekdays excluding public holidays),27.3 km - 28.2 km,163
Adult card fare,Before 7.45am  (Weekdays excluding public holidays),28.3 km - 29.2 km,164
Adult card fare,Before 7.45am  (Weekdays excluding public holidays),29.3 km - 30.2 km,165
Adult card fare,Before 7.45am  (Weekdays excluding public holidays),30.3 km - 31.2 km,166
Adult card fare,Before 7.45am  (Weekdays excluding public holidays),31.3 km - 32.2 km,167
Adult card fare,Before 7.45am  (Weekdays excluding public holidays),32.3 km - 33.2 km,168
Adult card fare,Before 7.45am  (Weekdays excluding public holidays),33.3 km - 34.2 km,169
Adult card fare,Before 7.45am  (Weekdays excluding public holidays),34.3 km - 35.2 km,170
Adult card fare,Before 7.45am  (Weekdays excluding public holidays),35.3 km - 36.2 km,171
Adult card fare,Before 7.45am  (Weekdays excluding public holidays),36.3 km - 37.2 km,172
Adult card fare,Before 7.45am  (Weekdays excluding public holidays),37.3 km - 38.2 km,173
Adult card fare,Before 7.45am  (Weekdays excluding public holidays),38.3 km - 39.2 km,174
Adult card fare,Before 7.45am  (Weekdays excluding public holidays),39.3 km - 40.2 km,175
Adult card fare,Before 7.45am  (Weekdays excluding public holidays),Over 40.2 km,176
Adult card fare,All other timings,Up to 3.2 km,99
Adult card fare,All other timings,3.3 km - 4.2 km,109
Adult card fare,All other timings,4.3 km - 5.2 km,119
Adult card fare,All other timings,5.3 km - 6.2 km,129
Adult card fare,All other timings,6.3 km - 7.2 km,138
Adult card fare,All other timings,7.3 km - 8.2 km,145
Adult card fare,All other timings,8.3 km - 9.2 km,152
Adult card fare,All other timings,9.3 km - 10.2 km,156
Adult card fare,All other timings,10.3 km - 11.2 km,160
Adult card fare,All other timings,11.3 km - 12.2 km,164
Adult card fare,All other timings,12.3 km - 13.2 km,168
Adult card fare,All other timings,13.3 km - 14.2 km,172
Adult card fare,All other timings,14.3 km - 15.2 km,177
Adult card fare,All other timings,15.3 km - 16.2 km,181
Adult card fare,All other timings,16.3 km - 17.2 km,185
Adult card fare,All other timings,17.3 km - 18.2 km,189
Adult card fare,All other timings,18.3 km - 19.2 km,193
Adult card fare,All other timings,19.3 km - 20.2 km,196
Adult card fare,All other timings,20.3 km - 21.2 km,199
Adult card fare,All other timings,21.3 km - 22.2 km,202
Adult card fare,All other timings,22.3 km - 23.2 km,205
Adult card fare,All other timings,23.3 km - 24.2 km,207
Adult card fare,All other timings,24.3 km - 25.2 km,209
Adult card fare,All other timings,25.3 km - 26.2 km,211
Adult card fare,All other timings,26.3 km - 27.2 km,212
Adult card fare,All other timings,27.3 km - 28.2 km,213
Adult card fare,All other timings,28.3 km - 29.2 km,214
Adult card fare,All other timings,29.3 km - 30.2 km,215
Adult card fare,All other timings,30.3 km - 31.2 km,216
Adult card fare,All other timings,31.3 km - 32.2 km,217
Adult card fare,All other timings,32.3 km - 33.2 km,218
Adult card fare,All other timings,33.3 km - 34.2 km,219
Adult card fare,All other timings,34.3 km - 35.2 km,220
Adult card fare,All other timings,35.3 km - 36.2 km,221
Adult card fare,All other timings,36.3 km - 37.2 km,222
Adult card fare,All other timings,37.3 km - 38.2 km,223
Adult card fare,All other timings,38.3 km - 39.2 km,224
Adult card fare,All other timings,39.3 km - 40.2 km,225
Adult card fare,All other timings,Over 40.2 km,226
Senior citizen card fare,Before 7.45am  (Weekdays excluding public holidays),Up to 3.2 km,11
Senior citizen card fare,Before 7.45am  (Weekdays excluding public holidays),3.3 km - 4.2 km,18
Senior citizen card fare,Before 7.45am  (Weekdays excluding public holidays),4.3 km - 5.2 km,25
Senior citizen card fare,Before 7.45am  (Weekdays excluding public holidays),5.3 km - 6.2 km,32
Senior citizen card fare,Before 7.45am  (Weekdays excluding public holidays),6.3 km - 7.2 km,38
Senior citizen card fare,Before 7.45am  (Weekdays excluding public holidays),7.3 km - 8.2 km,44
Senior citizen card fare,Before 7.45am  (Weekdays excluding public holidays),8.3 km - 9.2 km,44
Senior citizen card fare,Before 7.45am  (Weekdays excluding public holidays),9.3 km - 10.2 km,44
Senior citizen card fare,Before 7.45am  (Weekdays excluding public holidays),10.3 km - 11.2 km,44
Senior citizen card fare,Before 7.45am  (Weekdays excluding public holidays),11.3 km - 12.2 km,44
Senior citizen card fare,Before 7.45am  (Weekdays excluding public holidays),12.3 km - 13.2 km,44
Senior citizen card fare,Before 7.45am  (Weekdays excluding public holidays),13.3 km - 14.2 km,44
Senior citizen card fare,Before 7.45am  (Weekdays excluding public holidays),14.3 km - 15.2 km,44
Senior citizen card fare,Before 7.45am  (Weekdays excluding public holidays),15.3 km - 16.2 km,44
Senior citizen card fare,Before 7.45am  (Weekdays excluding public holidays),16.3 km - 17.2 km,44
Senior citizen card fare,Before 7.45am  (Weekdays excluding public holidays),17.3 km - 18.2 km,44
Senior citizen card fare,Before 7.45am  (Weekdays excluding public holidays),18.3 km - 19.2 km,44
Senior citizen card fare,Before 7.45am  (Weekdays excluding public holidays),19.3 km - 20.2 km,44
Senior citizen card fare,Before 7.45am  (Weekdays excluding public holidays),20.3 km - 21.2 km,44
Senior citizen card fare,Before 7.45am  (Weekdays excluding public holidays),21.3 km - 22.2 km,44
Senior citizen card fare,Before 7.45am  (Weekdays excluding public holidays),22.3 km - 23.2 km,44
Senior citizen card fare,Before 7.45am  (Weekdays excluding public holidays),23.3 km - 24.2 km,44
Senior citizen card fare,Before 7.45am  (Weekdays excluding public holidays),24.3 km - 25.2 km,44
Senior citizen card fare,Before 7.45am  (Weekdays excluding public holidays),25.3 km - 26.2 km,44
Senior citizen card fare,Before 7.45am  (Weekdays excluding public holidays),26.3 km - 27.2 km,44
Senior citizen card fare,Before 7.45am  (Weekdays excluding public holidays),27.3 km - 28.2 km,44
Senior citizen card fare,Before 7.45am  (Weekdays excluding public holidays),28.3 km - 29.2 km,44
Senior citizen card fare,Before 7.45am  (Weekdays excluding public holidays),29.3 km - 30.2 km,44
Senior citizen card fare,Before 7.45am  (Weekdays excluding public holidays),30.3 km - 31.2 km,44
Senior citizen card fare,Before 7.45am  (Weekdays excluding public holidays),31.3 km - 32.2 km,44
Senior citizen card fare,Before 7.45am  (Weekdays excluding public holidays),32.3 km - 33.2 km,44
Senior citizen card fare,Before 7.45am  (Weekdays excluding public holidays),33.3 km - 34.2 km,44
Senior citizen card fare,Before 7.45am  (Weekdays excluding public holidays),34.3 km - 35.2 km,44
Senior citizen card fare,Before 7.45am  (Weekdays excluding public holidays),35.3 km - 36.2 km,44
Senior citizen card fare,Before 7.45am  (Weekdays excluding public holidays),36.3 km - 37.2 km,44
Senior citizen card fare,Before 7.45am  (Weekdays excluding public holidays),37.3 km - 38.2 km,44
Senior citizen card fare,Before 7.45am  (Weekdays excluding public holidays),38.3 km - 39.2 km,44
Senior citizen card fare,Before 7.45am  (Weekdays excluding public holidays),39.3 km - 40.2 km,44
Senior citizen card fare,Before 7.45am  (Weekdays excluding public holidays),Over 40.2 km,44
Senior citizen card fare,All other timings,Up to 3.2 km,61
Senior citizen card fare,All other timings,3.3 km - 4.2 km,68
Senior citizen card fare,All other timings,4.3 km - 5.2 km,75
Senior citizen card fare,All other timings,5.3 km - 6.2 km,82
Senior citizen card fare,All other timings,6.3 km - 7.2 km,88
Senior citizen card fare,All other timings,7.3 km - 8.2 km,94
Senior citizen card fare,All other timings,8.3 km - 9.2 km,94
Senior citizen card fare,All other timings,9.3 km - 10.2 km,94
Senior citizen card fare,All other timings,10.3 km - 11.2 km,94
Senior citizen card fare,All other timings,11.3 km - 12.2 km,94
Senior citizen card fare,All other timings,12.3 km - 13.2 km,94
Senior citizen card fare,All other timings,13.3 km - 14.2 km,94
Senior citizen card fare,All other timings,14.3 km - 15.2 km,94
Senior citizen card fare,All other timings,15.3 km - 16.2 km,94
Senior citizen card fare,All other timings,16.3 km - 17.2 km,94
Senior citizen card fare,All other timings,17.3 km - 18.2 km,94
Senior citizen card fare,All other timings,18.3 km - 19.2 km,94
Senior citizen card fare,All other timings,19.3 km - 20.2 km,94
Senior citizen card fare,All other timings,20.3 km - 21.2 km,94
Senior citizen card fare,All other timings,21.3 km - 22.2 km,94
Senior citizen card fare,All other timings,22.3 km - 23.2 km,94
Senior citizen card fare,All other timings,23.3 km - 24.2 km,94
Senior citizen card fare,All other timings,24.3 km - 25.2 km,94
Senior citizen card fare,All other timings,25.3 km - 26.2 km,94
Senior citizen card fare,All other timings,26.3 km - 27.2 km,94
Senior citizen card fare,All other timings,27.3 km - 28.2 km,94
Senior citizen card fare,All other timings,28.3 km - 29.2 km,94
Senior citizen card fare,All other timings,29.3 km - 30.2 km,94
Senior citizen card fare,All other timings,30.3 km - 31.2 km,94
Senior citizen card fare,All other timings,31.3 km - 32.2 km,94
Senior citizen card fare,All other timings,32.3 km - 33.2 km,94
Senior citizen card fare,All other timings,33.3 km - 34.2 km,94
Senior citizen card fare,All other timings,34.3 km - 35.2 km,94
Senior citizen card fare,All other timings,35.3 km - 36.2 km,94
Senior citizen card fare,All other timings,36.3 km - 37.2 km,94
Senior citizen card fare,All other timings,37.3 km - 38.2 km,94
Senior citizen card fare,All other timings,38.3 km - 39.2 km,94
Senior citizen card fare,All other timings,39.3 km - 40.2 km,94
Senior citizen card fare,All other timings,Over 40.2 km,94
Student card fare,Before 7.45am  (Weekdays excluding public holidays),Up to 3.2 km,0
Student card fare,Before 7.45am  (Weekdays excluding public holidays),3.3 km - 4.2 km,0
Student card fare,Before 7.45am  (Weekdays excluding public holidays),4.3 km - 5.2 km,4
Student card fare,Before 7.45am  (Weekdays excluding public holidays),5.3 km - 6.2 km,9
Student card fare,Before 7.45am  (Weekdays excluding public holidays),6.3 km - 7.2 km,12
Student card fare,Before 7.45am  (Weekdays excluding public holidays),7.3 km - 8.2 km,15
Student card fare,Before 7.45am  (Weekdays excluding public holidays),8.3 km - 9.2 km,15
Student card fare,Before 7.45am  (Weekdays excluding public holidays),9.3 km - 10.2 km,15
Student card fare,Before 7.45am  (Weekdays excluding public holidays),10.3 km - 11.2 km,15
Student card fare,Before 7.45am  (Weekdays excluding public holidays),11.3 km - 12.2 km,15
Student card fare,Before 7.45am  (Weekdays excluding public holidays),12.3 km - 13.2 km,15
Student card fare,Before 7.45am  (Weekdays excluding public holidays),13.3 km - 14.2 km,15
Student card fare,Before 7.45am  (Weekdays excluding public holidays),14.3 km - 15.2 km,15
Student card fare,Before 7.45am  (Weekdays excluding public holidays),15.3 km - 16.2 km,15
Student card fare,Before 7.45am  (Weekdays excluding public holidays),16.3 km - 17.2 km,15
Student card fare,Before 7.45am  (Weekdays excluding public holidays),17.3 km - 18.2 km,15
Student card fare,Before 7.45am  (Weekdays excluding public holidays),18.3 km - 19.2 km,15
Student card fare,Before 7.45am  (Weekdays excluding public holidays),19.3 km - 20.2 km,15
Student card fare,Before 7.45am  (Weekdays excluding public holidays),20.3 km - 21.2 km,15
Student card fare,Before 7.45am  (Weekdays excluding public holidays),21.3 km - 22.2 km,15
Student card fare,Before 7.45am  (Weekdays excluding public holidays),22.3 km - 23.2 km,15
Student card fare,Before 7.45am  (Weekdays excluding public holidays),23.3 km - 24.2 km,15
Student card fare,Before 7.45am  (Weekdays excluding public holidays),24.3 km - 25.2 km,15
Student card fare,Before 7.45am  (Weekdays excluding public holidays),25.3 km - 26.2 km,15
Student card fare,Before 7.45am  (Weekdays excluding public holidays),26.3 km - 27.2 km,15
Student card fare,Before 7.45am  (Weekdays excluding public holidays),27.3 km - 28.2 km,15
Student card fare,Before 7.45am  (Weekdays excluding public holidays),28.3 km - 29.2 km,15
Student card fare,Before 7.45am  (Weekdays excluding public holidays),29.3 km - 30.2 km,15
Student card fare,Before 7.45am  (Weekdays excluding public holidays),30.3 km - 31.2 km,15
Student card fare,Before 7.45am  (Weekdays excluding public holidays),31.3 km - 32.2 km,15
Student card fare,Before 7.45am  (Weekdays excluding public holidays),32.3 km - 33.2 km,15
Student card fare,Before 7.45am  (Weekdays excluding public holidays),33.3 km - 34.2 km,15
Student card fare,Before 7.45am  (Weekdays excluding public holidays),34.3 km - 35.2 km,15
Student card fare,Before 7.45am  (Weekdays excluding public holidays),35.3 km - 36.2 km,15
Student card fare,Before 7.45am  (Weekdays excluding public holidays),36.3 km - 37.2 km,15
Student card fare,Before 7.45am  (Weekdays excluding public holidays),37.3 km - 38.2 km,15
Student card fare,Before 7.45am  (Weekdays excluding public holidays),38.3 km - 39.2 km,15
Student card fare,Before 7.45am  (Weekdays excluding public holidays),39.3 km - 40.2 km,15
Student card fare,Before 7.45am  (Weekdays excluding public holidays),Over 40.2 km,15
Student card fare,All other timings,Up to 3.2 km,44
Student card fare,All other timings,3.3 km - 4.2 km,49
Student card fare,All other timings,4.3 km - 5.2 km,54
Student card fare,All other timings,5.3 km - 6.2 km,59
Student card fare,All other timings,6.3 km - 7.2 km,62
Student card fare,All other timings,7.3 km - 8.2 km,65
Student card fare,All other timings,8.3 km - 9.2 km,65
Student card fare,All other timings,9.3 km - 10.2 km,65
Student card fare,All other timings,10.3 km - 11.2 km,65
Student card fare,All other timings,11.3 km - 12.2 km,65
Student card fare,All other timings,12.3 km - 13.2 km,65
Student card fare,All other timings,13.3 km - 14.2 km,65
Student card fare,All other timings,14.3 km - 15.2 km,65
Student card fare,All other timings,15.3 km - 16.2 km,65
Student card fare,All other timings,16.3 km - 17.2 km,65
Student card fare,All other timings,17.3 km - 18.2 km,65
Student card fare,All other timings,18.3 km - 19.2 km,65
Student card fare,All other timings,19.3 km - 20.2 km,65
Student card fare,All other timings,20.3 km - 21.2 km,65
Student card fare,All other timings,21.3 km - 22.2 km,65
Student card fare,All other timings,22.3 km - 23.2 km,65
Student card fare,All other timings,23.3 km - 24.2 km,65
Student card fare,All other timings,24.3 km - 25.2 km,65
Student card fare,All other timings,25.3 km - 26.2 km,65
Student card fare,All other timings,26.3 km - 27.2 km,65
Student card fare,All other timings,27.3 km - 28.2 km,65
Student card fare,All other timings,28.3 km - 29.2 km,65
Student card fare,All other timings,29.3 km - 30.2 km,65
Student card fare,All other timings,30.3 km - 31.2 km,65
Student card fare,All other timings,31.3 km - 32.2 km,65
Student card fare,All other timings,32.3 km - 33.2 km,65
Student card fare,All other timings,33.3 km - 34.2 km,65
Student card fare,All other timings,34.3 km - 35.2 km,65
Student card fare,All other timings,35.3 km - 36.2 km,65
Student card fare,All other timings,36.3 km - 37.2 km,65
Student card fare,All other timings,37.3 km - 38.2 km,65
Student card fare,All other timings,38.3 km - 39.2 km,65
Student card fare,All other timings,39.3 km - 40.2 km,65
Student card fare,All other timings,Over 40.2 km,65
Workfare transport concession card fare,Before 7.45am  (Weekdays excluding public holidays),Up to 3.2 km,20
Workfare transport concession card fare,Before 7.45am  (Weekdays excluding public holidays),3.3 km - 4.2 km,28
Workfare transport concession card fare,Before 7.45am  (Weekdays excluding public holidays),4.3 km - 5.2 km,36
Workfare transport concession card fare,Before 7.45am  (Weekdays excluding public holidays),5.3 km - 6.2 km,44
Workfare transport concession card fare,Before 7.45am  (Weekdays excluding public holidays),6.3 km - 7.2 km,51
Workfare transport concession card fare,Before 7.45am  (Weekdays excluding public holidays),7.3 km - 8.2 km,57
Workfare transport concession card fare,Before 7.45am  (Weekdays excluding public holidays),8.3 km - 9.2 km,63
Workfare transport concession card fare,Before 7.45am  (Weekdays excluding public holidays),9.3 km - 10.2 km,66
Workfare transport concession card fare,Before 7.45am  (Weekdays excluding public holidays),10.3 km - 11.2 km,69
Workfare transport concession card fare,Before 7.45am  (Weekdays excluding public holidays),11.3 km - 12.2 km,72
Workfare transport concession card fare,Before 7.45am  (Weekdays excluding public holidays),12.3 km - 13.2 km,75
Workfare transport concession card fare,Before 7.45am  (Weekdays excluding public holidays),13.3 km - 14.2 km,78
Workfare transport concession card fare,Before 7.45am  (Weekdays excluding public holidays),14.3 km - 15.2 km,81
Workfare transport concession card fare,Before 7.45am  (Weekdays excluding public holidays),15.3 km - 16.2 km,84
Workfare transport concession card fare,Before 7.45am  (Weekdays excluding public holidays),16.3 km - 17.2 km,87
Workfare transport concession card fare,Before 7.45am  (Weekdays excluding public holidays),17.3 km - 18.2 km,90
Workfare transport concession card fare,Before 7.45am  (Weekdays excluding public holidays),18.3 km - 19.2 km,93
Workfare transport concession card fare,Before 7.45am  (Weekdays excluding public holidays),19.3 km - 20.2 km,96
Workfare transport concession card fare,Before 7.45am  (Weekdays excluding public holidays),20.3 km - 21.2 km,99
Workfare transport concession card fare,Before 7.45am  (Weekdays excluding public holidays),21.3 km - 22.2 km,102
Workfare transport concession card fare,Before 7.45am  (Weekdays excluding public holidays),22.3 km - 23.2 km,105
Workfare transport concession card fare,Before 7.45am  (Weekdays excluding public holidays),23.3 km - 24.2 km,107
Workfare transport concession card fare,Before 7.45am  (Weekdays excluding public holidays),24.3 km - 25.2 km,108
Workfare transport concession card fare,Before 7.45am  (Weekdays excluding public holidays),25.3 km - 26.2 km,109
Workfare transport concession card fare,Before 7.45am  (Weekdays excluding public holidays),26.3 km - 27.2 km,110
Workfare transport concession card fare,Before 7.45am  (Weekdays excluding public holidays),27.3 km - 28.2 km,111
Workfare transport concession card fare,Before 7.45am  (Weekdays excluding public holidays),28.3 km - 29.2 km,112
Workfare transport concession card fare,Before 7.45am  (Weekdays excluding public holidays),29.3 km - 30.2 km,113
Workfare transport concession card fare,Before 7.45am  (Weekdays excluding public holidays),30.3 km - 31.2 km,114
Workfare transport concession card fare,Before 7.45am  (Weekdays excluding public holidays),31.3 km - 32.2 km,115
Workfare transport concession card fare,Before 7.45am  (Weekdays excluding public holidays),32.3 km - 33.2 km,116
Workfare transport concession card fare,Before 7.45am  (Weekdays excluding public holidays),33.3 km - 34.2 km,117
Workfare transport concession card fare,Before 7.45am  (Weekdays excluding public holidays),34.3 km - 35.2 km,118
Workfare transport concession card fare,Before 7.45am  (Weekdays excluding public holidays),35.3 km - 36.2 km,119
Workfare transport concession card fare,Before 7.45am  (Weekdays excluding public holidays),36.3 km - 37.2 km,120
Workfare transport concession card fare,Before 7.45am  (Weekdays excluding public holidays),37.3 km - 38.2 km,121
Workfare transport concession card fare,Before 7.45am  (Weekdays excluding public holidays),38.3 km - 39.2 km,122
Workfare transport concession card fare,Before 7.45am  (Weekdays excluding public holidays),39.3 km - 40.2 km,123
Workfare transport concession card fare,Before 7.45am  (Weekdays excluding public holidays),Over 40.2 km,124
Workfare transport concession card fare,All other timings,Up to 3.2 km,70
Workfare transport concession card fare,All other timings,3.3 km - 4.2 km,78
Workfare transport concession card fare,All other timings,4.3 km - 5.2 km,86
Workfare transport concession card fare,All other timings,5.3 km - 6.2 km,94
Workfare transport concession card fare,All other timings,6.3 km - 7.2 km,101
Workfare transport concession card fare,All other timings,7.3 km - 8.2 km,107
Workfare transport concession card fare,All other timings,8.3 km - 9.2 km,113
Workfare transport concession card fare,All other timings,9.3 km - 10.2 km,116
Workfare transport concession card fare,All other timings,10.3 km - 11.2 km,119
Workfare transport concession card fare,All other timings,11.3 km - 12.2 km,122
Workfare transport concession card fare,All other timings,12.3 km - 13.2 km,125
Workfare transport concession card fare,All other timings,13.3 km - 14.2 km,128
Workfare transport concession card fare,All other timings,14.3 km - 15.2 km,131
Workfare transport concession card fare,All other timings,15.3 km - 16.2 km,134
Workfare transport concession card fare,All other timings,16.3 km - 17.2 km,137
Workfare transport concession card fare,All other timings,17.3 km - 18.2 km,140
Workfare transport concession card fare,All other timings,18.3 km - 19.2 km,143
Workfare transport concession card fare,All other timings,19.3 km - 20.2 km,146
Workfare transport concession card fare,All other timings,20.3 km - 21.2 km,149
Workfare transport concession card fare,All other timings,21.3 km - 22.2 km,152
Workfare transport concession card fare,All other timings,22.3 km - 23.2 km,155
Workfare transport concession card fare,All other timings,23.3 km - 24.2 km,157
Workfare transport concession card fare,All other timings,24.3 km - 25.2 km,158
Workfare transport concession card fare,All other timings,25.3 km - 26.2 km,159
Workfare transport concession card fare,All other timings,26.3 km - 27.2 km,160
Workfare transport concession card fare,All other timings,27.3 km - 28.2 km,161
Workfare transport concession card fare,All other timings,28.3 km - 29.2 km,162
Workfare transport concession card fare,All other timings,29.3 km - 30.2 km,163
Workfare transport concession card fare,All other timings,30.3 km - 31.2 km,164
Workfare transport concession card fare,All other timings,31.3 km - 32.2 km,165
Workfare transport concession card fare,All other timings,32.3 km - 33.2 km,166
Workfare transport concession card fare,All other timings,33.3 km - 34.2 km,167
Workfare transport concession card fare,All other timings,34.3 km - 35.2 km,168
Workfare transport concession card fare,All other timings,35.3 km - 36.2 km,169
Workfare transport concession card fare,All other timings,36.3 km - 37.2 km,170
Workfare transport concession card fare,All other timings,37.3 km - 38.2 km,171
Workfare transport concession card fare,All other timings,38.3 km - 39.2 km,172
Workfare transport concession card fare,All other timings,39.3 km - 40.2 km,173
Workfare transport concession card fare,All other timings,Over 40.2 km,174
Persons with diabilities card fare,Before 7.45am  (Weekdays excluding public holidays),Up to 3.2 km,11
Persons with diabilities card fare,Before 7.45am  (Weekdays excluding public holidays),3.3 km - 4.2 km,18
Persons with diabilities card fare,Before 7.45am  (Weekdays excluding public holidays),4.3 km - 5.2 km,25
Persons with diabilities card fare,Before 7.45am  (Weekdays excluding public holidays),5.3 km - 6.2 km,32
Persons with diabilities card fare,Before 7.45am  (Weekdays excluding public holidays),6.3 km - 7.2 km,38
Persons with diabilities card fare,Before 7.45am  (Weekdays excluding public holidays),7.3 km - 8.2 km,44
Persons with diabilities card fare,Before 7.45am  (Weekdays excluding public holidays),8.3 km - 9.2 km,44
Persons with diabilities card fare,Before 7.45am  (Weekdays excluding public holidays),9.3 km - 10.2 km,44
Persons with diabilities card fare,Before 7.45am  (Weekdays excluding public holidays),10.3 km - 11.2 km,44
Persons with diabilities card fare,Before 7.45am  (Weekdays excluding public holidays),11.3 km - 12.2 km,44
Persons with diabilities card fare,Before 7.45am  (Weekdays excluding public holidays),12.3 km - 13.2 km,44
Persons with diabilities card fare,Before 7.45am  (Weekdays excluding public holidays),13.3 km - 14.2 km,44
Persons with diabilities card fare,Before 7.45am  (Weekdays excluding public holidays),14.3 km - 15.2 km,44
Persons with diabilities card fare,Before 7.45am  (Weekdays excluding public holidays),15.3 km - 16.2 km,44
Persons with diabilities card fare,Before 7.45am  (Weekdays excluding public holidays),16.3 km - 17.2 km,44
Persons with diabilities card fare,Before 7.45am  (Weekdays excluding public holidays),17.3 km - 18.2 km,44
Persons with diabilities card fare,Before 7.45am  (Weekdays excluding public holidays),18.3 km - 19.2 km,44
Persons with diabilities card fare,Before 7.45am  (Weekdays excluding public holidays),19.3 km - 20.2 km,44
Persons with diabilities card fare,Before 7.45am  (Weekdays excluding public holidays),20.3 km - 21.2 km,44
Persons with diabilities card fare,Before 7.45am  (Weekdays excluding public holidays),21.3 km - 22.2 km,44
Persons with diabilities card fare,Before 7.45am  (Weekdays excluding public holidays),22.3 km - 23.2 km,44
Persons with diabilities card fare,Before 7.45am  (Weekdays excluding public holidays),23.3 km - 24.2 km,44
Persons with diabilities card fare,Before 7.45am  (Weekdays excluding public holidays),24.3 km - 25.2 km,44
Persons with diabilities card fare,Before 7.45am  (Weekdays excluding public holidays),25.3 km - 26.2 km,44
Persons with diabilities card fare,Before 7.45am  (Weekdays excluding public holidays),26.3 km - 27.2 km,44
Persons with diabilities card fare,Before 7.45am  (Weekdays excluding public holidays),27.3 km - 28.2 km,44
Persons with diabilities card fare,Before 7.45am  (Weekdays excluding public holidays),28.3 km - 29.2 km,44
Persons with diabilities card fare,Before 7.45am  (Weekdays excluding public holidays),29.3 km - 30.2 km,44
Persons with diabilities card fare,Before 7.45am  (Weekdays excluding public holidays),30.3 km - 31.2 km,44
Persons with diabilities card fare,Before 7.45am  (Weekdays excluding public holidays),31.3 km - 32.2 km,44
Persons with diabilities card fare,Before 7.45am  (Weekdays excluding public holidays),32.3 km - 33.2 km,44
Persons with diabilities card fare,Before 7.45am  (Weekdays excluding public holidays),33.3 km - 34.2 km,44
Persons with diabilities card fare,Before 7.45am  (Weekdays excluding public holidays),34.3 km - 35.2 km,44
Persons with diabilities card fare,Before 7.45am  (Weekdays excluding public holidays),35.3 km - 36.2 km,44
Persons with diabilities card fare,Before 7.45am  (Weekdays excluding public holidays),36.3 km - 37.2 km,44
Persons with diabilities card fare,Before 7.45am  (Weekdays excluding public holidays),37.3 km - 38.2 km,44
Persons with diabilities card fare,Before 7.45am  (Weekdays excluding public holidays),38.3 km - 39.2 km,44
Persons with diabilities card fare,Before 7.45am  (Weekdays excluding public holidays),39.3 km - 40.2 km,44
Persons with diabilities card fare,Before 7.45am  (Weekdays excluding public holidays),Over 40.2 km,44
Persons with diabilities card fare,All other timings,Up to 3.2 km,61
Persons with diabilities card fare,All other timings,3.3 km - 4.2 km,68
Persons with diabilities card fare,All other timings,4.3 km - 5.2 km,75
Persons with diabilities card fare,All other timings,5.3 km - 6.2 km,82
Persons with diabilities card fare,All other timings,6.3 km - 7.2 km,88
Persons with diabilities card fare,All other timings,7.3 km - 8.2 km,94
Persons with diabilities card fare,All other timings,8.3 km - 9.2 km,94
Persons with diabilities card fare,All other timings,9.3 km - 10.2 km,94
Persons with diabilities card fare,All other timings,10.3 km - 11.2 km,94
Persons with diabilities card fare,All other timings,11.3 km - 12.2 km,94
Persons with diabilities card fare,All other timings,12.3 km - 13.2 km,94
Persons with diabilities card fare,All other timings,13.3 km - 14.2 km,94
Persons with diabilities card fare,All other timings,14.3 km - 15.2 km,94
Persons with diabilities card fare,All other timings,15.3 km - 16.2 km,94
Persons with diabilities card fare,All other timings,16.3 km - 17.2 km,94
Persons with diabilities card fare,All other timings,17.3 km - 18.2 km,94
Persons with diabilities card fare,All other timings,18.3 km - 19.2 km,94
Persons with diabilities card fare,All other timings,19.3 km - 20.2 km,94
Persons with diabilities card fare,All other timings,20.3 km - 21.2 km,94
Persons with diabilities card fare,All other timings,21.3 km - 22.2 km,94
Persons with diabilities card fare,All other timings,22.3 km - 23.2 km,94
Persons with diabilities card fare,All other timings,23.3 km - 24.2 km,94
Persons with diabilities card fare,All other timings,24.3 km - 25.2 km,94
Persons with diabilities card fare,All other timings,25.3 km - 26.2 km,94
Persons with diabilities card fare,All other timings,26.3 km - 27.2 km,94
Persons with diabilities card fare,All other timings,27.3 km - 28.2 km,94
Persons with diabilities card fare,All other timings,28.3 km - 29.2 km,94
Persons with diabilities card fare,All other timings,29.3 km - 30.2 km,94
Persons with diabilities card fare,All other timings,30.3 km - 31.2 km,94
Persons with diabilities card fare,All other timings,31.3 km - 32.2 km,94
Persons with diabilities card fare,All other timings,32.3 km - 33.2 km,94
Persons with diabilities card fare,All other timings,33.3 km - 34.2 km,94
Persons with diabilities card fare,All other timings,34.3 km - 35.2 km,94
Persons with diabilities card fare,All other timings,35.3 km - 36.2 km,94
Persons with diabilities card fare,All other timings,36.3 km - 37.2 km,94
Persons with diabilities card fare,All other timings,37.3 km - 38.2 km,94
Persons with diabilities card fare,All other timings,38.3 km - 39.2 km,94
Persons with diabilities card fare,All other timings,39.3 km - 40.2 km,94
Persons with diabilities card fare,All other timings,Over 40.2 km,94
